test_set,model,clips,frames,mean_mask_ratio,shifted_distance,shifted_distance_median,shifted_distance_std,npss,npss_median,npss_std,full_l1,full_l1_median,full_l1_std,missing_l1,missing_l1_median,missing_l1_std
held_out_algorithmic,release,191,32954,0.898083733881653,1.98024086594285,1.093428646645895,2.7706712344241513,0.7259779831282922,0.353648189483592,1.3869276449188082,0.009735935037311547,0.006201307289302349,0.012695045371736583,0.011330883491343053,0.006716280709952116,0.015256926688535231
held_out_random,release,191,32954,0.8836223578437389,4.062875154892164,2.25316799439694,5.509590898187841,1.4522532325314013,0.8250135364253205,1.9067039731444446,0.01455824075830358,0.010401460342109203,0.015421739147691819,0.016436242840122687,0.01175696961581707,0.017535835326606748
production,release,55,6283,0.7448361899183616,2.116281906139166,1.0018523823316916,3.118606395183689,0.5141790482659676,0.1498357852805777,1.011956202654029,0.00789098235704428,0.0049786982126533985,0.011519135588184423,0.011035836084854303,0.006729363463819027,0.014661990706190212
